Player,Pos,Team,Age_At_Signing,Start,End,Yrs,Value,AAV,2-Year_Cash,3-Year_Cash
Sue Bird,G,SEA,35,2016,2020,5,673000,134600,225000,340500
Candace Parker,F,LA,29,2016,2020,5,577500,115500,225000,340500
Courtney Vandersloot,G,CHI,25,2015,2019,5,557500,111500,216000,327000
Brittney Griner,C,PHX,26,2017,2020,4,554000,138500,224000,339000
Diana Taurasi,G,PHX,34,2017,2020,4,466000,116500,229000,346500
Chiney Ogwumike,F,CON,24,2017,2020,4,466000,116500,229000,346500
Tiffany Hayes,G,ATL,28,2018,2021,4,465560,116390,228260,345780
Elizabeth Williams,C,ATL,24,2018,2021,4,464000,116000,228000,345000
Skylar Diggins-Smith,G,DAL,25,2016,2020,4,458000,114500,225000,340500
Nneka Ogwumike,F,LA,26,2017,2020,4,456000,114000,224000,339000
Jantel Lavender,F,LA,28,2017,2020,4,456000,114000,224000,339000
Tayler Hill,G,WAS,26,2017,2020,4,456000,114000,224000,339000
Tina Charles,C,NY,29,2018,2020,3,448000,149333,233000,408000
Leilani Mitchell,G,PHX,31,2017,2020,4,383131,95783,187720,284477
Jewell Loyd,G,SEA,25,2019,2021,3,358500,119500,237000,358500
Briann January,G,PHX,31,2019,2021,3,358500,119500,237000,358500
Candice Dupree,F,IND,33,2018,2020,3,352500,117500,233000,352500
Odyssey Sims,G,MIN,26,2019,2021,3,351000,117000,232000,351000
Dearica Hamby,F,LV,25,2019,2022,3,351000,117000,232000,384300
Sylvia Fowles,C,MIN,33,2019,2021,3,346881,115627,228987,346881
Elena Delle Donne,F,WAS,27,2017,2019,3,345000,115000,228000,345000
Natasha Howard,F,SEA,26,2018,2020,3,345000,115000,228000,345000
Alyssa Thomas,F,CON,25,2018,2020,3,345000,115000,228000,345000
Jessica Breland,F,ATL,29,2018,2020,3,345000,115000,,
Emma Meesseman,F,WAS,22,2016,2019,4,342500,85625,225000,225000
Kristi Toliver,G,WAS,29,2017,2019,3,339000,113000,224000,339000
Alex Bentley,G,ATL,26,2017,2019,3,339000,113000,,
Sylvia Fowles,C,MIN,31,2017,2019,3,333540,111180,220180,333540
Renee Montgomery,G,ATL,31,2018,2020,3,321000,107000,212000,321200
Crystal Langhorne,F,SEA,32,2019,2021,3,315000,105000,210000,315000
Karima Christmas-Kelly,F,MIN,29,2019,2021,3,312000,104000,206000,312000
Theresa Plaisance,F,DAL,25,2018,2020,3,310000,103333,206000,310000
Kayla Thornton,F,DAL,26,2019,2021,3,262900,87633,173700,262900
Alysha Clark,F,SEA,30,2018,2020,3,252400,84133,166600,252400
Katie Lou Samuelson,G,CHI,21,2019,2023,4,237754,59439,110537,170606
Asia Durr,G,NY,21,2019,2022,4,237363,59341,110537,110537
Jasmine Thomas,G,CON,29,2019,2020,2,237000,118500,237000,237000
Jackie Young,G,LV,21,2019,2022,4,236283,59071,110537,170606
Angel McCoughtry,F,ATL,31,2018,2019,2,233000,116500,233000,233000
A'ja Wilson,C,LV,21,2018,2021,4,232178,58045,106180,163180
Kelsey Mitchell,G,IND,22,2018,2021,4,232178,58045,106180,165158
Diamond DeShields,G,CHI,22,2018,2021,4,232178,58045,106180,165158
Alaina Coates,C,CHI,22,2018,2021,4,232178,58045,106180,165158
LaToya Sanders,F,WAS,32,2019,2020,2,232000,116000,232000,232000
Natasha Cloud,G,WAS,26,2019,2020,2,232000,116000,232000,232000
Kayla McBride,G,LV,26,2019,2020,2,232000,116000,232000,232000
Liz Cambage,C,DAL,26,2018,2019,2,228000,114000,228000,228000
Stefanie Dolson,C,CHI,25,2018,2019,2,228000,114000,228000,228000
Kelsey Bone,C,PHX,26,2018,2019,2,224000,112000,224000,224000
Riquna Williams,G,LA,28,2019,2020,2,222000,111000,222000,222000
Courtney Paris,C,SEA,30,2018,2019,2,222000,111000,222000,222000
Napheesa Collier,F,MIN,22,2019,2022,4,220235,55059,106539,165249
Arike Ogunbowale,G,DAL,21,2019,2022,4,220235,55059,106539,164709
Cheyenne Parker,F,CHI,26,2019,2020,2,220000,110000,220000,220000
Alanna Smith,F,PHX,22,2019,2022,4,219235,54809,106539,165249
Kalani Brown,C,LA,21,2019,2022,4,219235,54809,106539,165249
Amanda Zahui B,C,NY,25,2019,2020,2,218000,109000,218000,218000
Danielle Robinson,G,MIN,28,2018,2019,2,218000,109000,218000,218000
Ariel Atkins,G,WAS,21,2018,2021,4,214836,53709,98249,155249
Jordin Canada,G,SEA,22,2018,2021,4,214836,53709,98249,155249
AzurÃ¡ Stevens,F,DAL,21,2018,2021,4,214836,53709,98249,155249
Victoria Vivians,G,IND,23,2018,2021,4,213836,53459,98249,155249
Natalie Achonwa,C,IND,26,2019,2020,2,212000,106000,212000,212000
Shatori Walker-Kimbrough,G,WAS,21,2017,2020,4,210623,52656,96193,149756
Tianna Hawkins,F,WAS,26,2018,2020,3,210100,70033,138700,210100
Damiris Dantas,F,MIN,26,2019,2022,2,210000,105000,210000,336000
Shenise Johnson,G,IND,28,2019,2020,2,210000,105000,210000,210000
Shekinna Stricklen,F,CON,27,2018,2019,2,210000,105000,210000,210000
Kaleena Mosqueda-Lewis,F,SEA,24,2018,2020,3,204697,68232,133297,204697
Bria Hartley,G,NY,25,2018,2019,2,202000,101000,202000,202000
Camille Little,F,PHX,32,2018,2019,2,201000,100500,201000,201000
Kiara Leslie,G,WAS,23,2019,2022,4,197503,49376,101207,159917
Brianna Turner,F,PHX,22,2019,2022,4,197503,49376,101207,159917
Tamera Young,F,LV,31,2018,2019,2,197100,98550,197100,197100
Kristine Anigwe,C,CON,21,2019,2022,4,196503,49126,101207,159307
Lexie Brown,G,MIN,23,2018,2021,4,191720,47930,87677,144677
Maria Vadeeva,F,LA,19,2018,2021,4,191720,47930,87677,144677
Marie GÃ¼lich,C,PHX,23,2018,2021,4,191720,47930,87677,144677
Chloe Jackson,G,CHI,22,2019,2022,4,190522,47631,85992,133757
Anriel Howard,F,SEA,27,2019,2022,4,189522,47381,85992,133757
Sophie Cunningham,G,PHX,22,2019,2022,4,189522,47381,99570,158280
Xu Han,C,NY,19,2019,2022,4,189522,47381,42570,42570
Jessica Shepard,F,MIN,22,2019,2022,4,189522,47381,99570,158280
Cierra Dillard,G,MIN,22,2019,2022,4,189522,47381,85992,133757
Marina Mabrey,G,LA,22,2019,2022,4,189522,47381,99570,157740
Megan Gustafson,F,DAL,22,2019,2022,4,189522,47381,85992,133757
Natisha Hiedeman,G,CON,21,2019,2022,4,189522,47381,85992,133757
Ezi Magbegor,C,SEA,19,2019,2022,4,189042,47261,101207,159377
Sydney Wiese,G,LA,21,2017,2020,4,188017,47004,85904,133702
Alexis Jones,G,MIN,22,2017,2020,4,187015,46754,84902,132700
Kayla Alexander,C,IND,26,2018,2019,2,185400,92700,185400,185400
Myisha Hines-Allen,F,WAS,21,2018,2021,4,184614,46154,84428,141428
JiSu Park,C,MIN,19,2018,2021,4,184614,46154,84428,141428
Jaime Nared,G,LV,22,2018,2021,4,184614,46154,84428,131324
Stephanie Mavunga,F,IND,22,2018,2021,4,184614,46154,84428,141428
Monique Billings,F,ATL,21,2018,2021,4,184614,46154,,57000
Maria Conde,F,CHI,21,2019,2022,4,182662,45666,84770,129716
Sam Fuehring,F,WAS,21,2019,2022,4,182662,45666,84770,129716
Macy Miller,G,SEA,23,2019,2022,4,182662,45666,84770,129716
Arica Carter,G,PHX,22,2019,2022,4,182662,45666,84770,129716
Megan Huff,F,NY,22,2019,2022,4,182662,45666,84770,129716
Kenisha Bell,G,MIN,22,2019,2022,4,182662,45666,84770,129716
Kennedy Burke,G,DAL,21,2019,2022,4,182662,45666,98965,157675
Morgan Bertsch,F,DAL,21,2019,2022,4,182662,45666,84770,129716
Regan Magarity,F,CON,22,2019,2022,4,182662,45666,84770,129716
Maite Cazorla,G,ATL,21,2019,2022,4,182477,45619,,
Erica McCall,F,IND,21,2017,2020,4,180175,45044,81843,127871
Teaira McCowan,C,IND,22,2019,2022,4,168754,42189,110537,171146
Carolyn Swords,C,LV,28,2018,2019,2,168300,84150,168300,168300
Sami Whitcomb,G,SEA,29,2018,2020,3,168000,56000,100000,168000
Brittany Boyd,G,NY,25,2019,2020,2,161600,80800,161600,161600
Rebecca Allen,G,NY,26,2019,2020,2,161600,80800,161600,161600
Kiah Stokes,C,NY,24,2018,2021,2,143265,71633,143265,234265
Paris Kea,G,IND,22,2019,2022,4,129716,32429,98965,157135
DeWanna Bonner,F,PHX,31,2019,2019,1,127500,127500,127500,127500
Moriah Jefferson,G,LV,23,2018,2019,2,121331,60666,121331,121331
Glory Johnson,F,DAL,28,2019,2019,1,117500,117500,117500,117500
Allie Quigley,G,CHI,32,2019,2019,1,117500,117500,117500,117500
Maya Moore,F,MIN,29,2019,2020,2,117000,58500,117000,117000
Allie Quigley,G,CHI,31,2018,2018,1,115500,115500,115500,115500
Chelsea Gray,G,LA,26,2019,2019,1,115000,115000,115000,115000
Seimone Augustus,G,MIN,34,2019,2019,1,111000,111000,111000,111000
Rebekkah Brunson,F,MIN,36,2018,2018,1,110900,110900,110900,110900
Alana Beard,G,LA,36,2019,2019,1,108000,108000,108000,108000
Monique Currie,F,WAS,34,2018,2018,1,105000,105000,105000,105000
Sugar Rodgers,G,LV,29,2019,2019,1,102000,102000,102000,102000
Imani McGee-Stafford,C,ATL,23,2018,2019,2,100186,50093,100186,100186
Yvonne Turner,G,PHX,31,2019,2020,2,98965,49483,109965,109965
Essence Carson,G,PHX,32,2019,2019,1,85000,85000,85000,85000
Sancho Lyttle,F,PHX,35,2019,2019,1,80000,80000,80000,80000
Erlana Larkins,F,MIN,32,2019,2019,1,80000,80000,80000,80000
Betnijah Laney,G,IND,25,2019,2019,1,72500,72500,72500,72500
Noelle Quinn,G,SEA,32,2018,2018,1,70000,70000,70000,70000
Shenise Johnson,G,IND,27,2018,2018,1,70000,70000,70000,70000
Shavonte Zellous,G,SEA,32,2019,2019,1,65000,65000,65000,65000
Astou Ndour,C,CHI,24,2019,2019,1,65000,65000,65000,65000
Jamierra Faulkner,G,CHI,26,2019,2019,1,62000,62000,62000,62000
Avery Warley-Talbert,C,NY,28,2019,2019,1,56375,56375,56375,56375
Kelly Faris,G,NY,27,2019,2019,1,56375,56375,56375,56375
Tiffany Bias,G,NY,26,2019,2019,1,56375,56375,56375,56375
Kelsey Griffin,F,MIN,31,2019,2019,1,56375,56375,56375,56375
Ashley Walker,F,LA,31,2019,2019,1,56375,56375,56375,56375
Tierra Ruffin-Pratt,G,LA,27,2019,2019,1,56375,56375,56375,56375
Cayla George,C,DAL,29,2019,2019,1,56375,56375,56375,56375
Brianna Kiesel,G,CON,25,2019,2019,1,56375,56375,,
Lynetta Kizer,F,ATL,28,2019,2019,1,56375,56375,56375,56375
Rebecca Allen,G,NY,25,2018,2018,1,56100,56100,56100,56100
Astou Ndour,C,CHI,23,2018,2018,1,56100,56100,56100,56100
Alaina Coates,C,ATL,23,2019,2019,1,53616,53616,25815,25815
Natisha Hiedeman,G,CON,21,2019,2019,1,42570,42570,27598,27598
Victoria Macaulay,C,CHI,28,2019,2019,1,41965,41965,41965,41965
Shey Peddy,G,WAS,30,2019,2019,1,41965,41965,2723,2723
Maci Morris,G,WAS,22,2019,2019,1,41965,41965,41965,41965
Kim Mestdagh,G,WAS,28,2019,2019,1,41965,41965,41965,41965
G'mrice Davis,F,WAS,22,2019,2019,1,41965,41965,41965,41965
AJ Alix,G,WAS,23,2019,2019,1,41965,41965,41965,41965
Brooke Salas,G,SEA,21,2019,2019,1,41965,41965,41965,41965
Zykera Rice,F,SEA,22,2019,2019,1,41965,41965,41965,41965
Teana Muldrow,F,SEA,23,2019,2019,1,41965,41965,41965,41965
Presley Hudson,G,SEA,21,2019,2019,1,41965,41965,41965,41965
Recee Caldwell,G,SEA,22,2019,2019,1,41965,41965,41965,41965
Alexis Peterson,G,PHX,23,2019,2019,1,41965,41965,41965,41965
Emese Hof,C,PHX,22,2019,2019,1,41965,41965,41965,41965
Nayo Raincock-Ekunwe,F,NY,27,2019,2019,1,41965,41965,41965,41965
Kolby Morgan,G,NY,22,2019,2019,1,41965,41965,41965,41965
Marine Johannes,G,NY,23,2019,2019,1,41965,41965,41965,41965
Reshanda Gray,F,NY,25,2019,2019,1,41965,41965,41965,41965
Bianca Cuevas-Moore,G,NY,23,2019,2019,1,41965,41965,41965,41965
Talia Caldwell,C,NY,27,2019,2019,1,41965,41965,41965,41965
Shao Ting,F,MIN,29,2019,2019,1,41965,41965,41965,41965
Taylor Emery,G,MIN,21,2019,2019,1,41965,41965,41965,41965
Jillian Alleyne,F,MIN,24,2019,2019,1,41965,41965,8169,8169
Karlie Samuelson,G,LA,23,2019,2019,1,41965,41965,41965,41965
Rachel Hollivay,C,LA,25,2019,2019,1,41965,41965,41965,41965
Gabby Green,G,LA,23,2019,2019,1,41965,41965,41965,41965
Loryn Goodwin,G,LA,24,2019,2019,1,41965,41965,41965,41965
Dominique Wilson,G,LV,24,2019,2019,1,41965,41965,41965,41965
Alex Harden,G,LV,25,2019,2019,1,41965,41965,41965,41965
Ruth Hamblin,C,LV,24,2019,2019,1,41965,41965,41965,41965
Saniya Chong,G,LV,24,2019,2019,1,41965,41965,41965,41965
Crystal Bradford,G,IND,25,2019,2019,1,41965,41965,41965,41965
Nicole Seekamp,G,DAL,26,2019,2019,1,41965,41965,41965,41965
Brooke McCarty,G,DAL,23,2019,2019,1,41965,41965,41965,41965
Ariel Edwards,F,CON,26,2019,2019,1,41965,41965,41965,41965
Emma Cannon,F,CON,29,2019,2019,1,41965,41965,41965,41965
Ashton Millender,G,CHI,,2019,2019,1,41965,41965,41965,41965
Victoria Macaulay,C,CHI,28,2019,2019,1,41965,41965,41965,41965
Linnae Harper,G,CHI,23,2019,2019,1,41965,41965,41965,41965
Allazia Blockton,G,CHI,21,2019,2019,1,41965,41965,41965,41965
Hind Ben Abdelkader,G,CHI,23,2019,2019,1,41965,41965,41965,41965
Evelyn Akhator,F,CHI,23,2019,2019,1,41965,41965,41965,41965
Sun Mengran,C,ATL,26,2019,2019,1,41965,41965,41965,41965
Haley Peters,F,ATL,26,2019,2019,1,41965,41965,41965,41965
Meme Jackson,G,ATL,22,2019,2019,1,41965,41965,41965,41965
Jaime Nared,G,LV,23,2019,2019,1,41796,41796,5446,5446
Blake Dietrick,G,SEA,25,2019,2019,1,41695,41695,41695,41695
Blake Dietrick,G,ATL,25,2019,2019,1,41695,41695,41695,41695
Kayla Thornton,F,DAL,25,2018,2018,1,41248,41248,41248,41248
Cecilia Zandalasini,F,MIN,21,2018,2018,1,41202,41202,41202,41202
Lindsay Allen,G,LV,22,2018,2018,1,41202,41202,41202,41202
Leticia Romero,G,DAL,22,2018,2018,1,41202,41202,41202,41202
Linnae Harper,G,CHI,22,2018,2018,1,41202,41202,41202,41202
Megan Gustafson,F,DAL,22,2019,2019,1,34194,34194,34194,34194
Kayla Alexander,C,CHI,27,2019,2019,1,,,6069,6069
Krystal Thomas,C,WAS,27,2017,2018,2,,,56942,56942
Tanisha Wright,G,MIN,34,2018,2019,2,,,94860,94860
Allisha Gray,G,DAL,21,2017,2020,4,,,52623,110509
Kaela Davis,F,DAL,21,2017,2020,4,,,43452,91250
Courtney Williams,G,CON,21,2016,2019,4,,,,52552
Morgan Tuck,F,CON,21,2016,2019,4,,,,56793
Brionna Jones,C,CON,21,2017,2020,4,,,48693,102256
Bria Holmes,G,CON,21,2016,2019,4,,,,46896
Layshia Clarendon,G,ATL,25,2017,2019,3,,,91700,185100
Rachel Banham,G,CON,22,2016,2019,4,,,,56793
Kahleah Copper,G,WAS,21,2016,2019,4,,,,52552
Nia Coffey,F,LV,21,2017,2020,4,,,,
Skylar Diggins-Smith,G,DAL,,2020,2023,4,899480,224870,436450,664350
Elena Delle Donne,F,WAS,,2020,2023,4,899480,224870,436450,664350
DeWanna Bonner,F,PHX,,2020,2023,4,899480,224870,436450,664350
Natasha Howard,F,NY,,2021,2024,4,898700,224675,436450,664350
Alyssa Thomas,F,CON,,2021,2024,4,836000,209000,406000,618000
Arike Ogunbowale,G,DAL,,2023,2025,3,725952,241984,476920,725952
Brittney Griner,C,PHX,,2020,2022,3,664544,221515,436450,664350
Marina Mabrey,G,CHI,,2023,2025,3,620000,206667,333776,543776
Kelsey Mitchell,G,IND,,2022,2024,3,618000,206000,406000,618000
Betnijah Laney,G,NY,,2021,2023,3,588801,196267,405817,607801
Kayla McBride,G,MIN,,2021,2023,3,588801,196267,386817,588801
Teaira McCowan,C,DAL,,2023,2025,3,587100,195700,385700,587100
Kristi Toliver,G,LA,,2020,2022,3,571817,190606,375550,571650
Astou Ndour,C,CHI,,2020,2022,3,571816,190605,375550,571650
Cheyenne Parker,F,ATL,,2021,2024,3,571650,190550,375550,591650
Bria Hartley,G,PHX,,2020,2022,3,571550,190517,375550,571550
Natasha Cloud,G,WAS,,2021,2023,3,565000,188333,375000,565000
Jasmine Thomas,G,CON,,2021,2023,3,565000,188333,375000,565000
Napheesa Collier,F,MIN,,2022,2025,3,552516,184172,274295,482514
Myisha Hines-Allen,F,WAS,,2022,2024,3,525300,175100,345100,398620
Moriah Jefferson,G,DAL,,2020,2022,3,525200,175067,345100,525300
Jantel Lavender,F,IND,,2021,2023,3,525000,175000,350000,525000
Jackie Young,G,LV,,2022,2025,2,504900,252450,237141,407091
Allisha Gray,G,DAL,,2021,2025,3,494400,164800,324800,519400
Jewell Loyd,G,SEA,,2024,2025,2,491016,245508,491016,491016
Kahleah Copper,G,CHI,,2024,2025,2,490118,245059,490118,490118
Mercedes Russell,C,SEA,,2022,2024,3,480000,160000,320000,480000
Natalie Achonwa,C,MIN,,2021,2023,3,479600,159867,324500,479600
Diana Taurasi,G,PHX,,2023,2024,2,469872,234936,469872,469872
Danielle Robinson,G,IND,,2021,2023,3,465000,155000,310000,465000
Jewell Loyd,G,SEA,,2022,2023,2,463030,231515,463030,463030
Diana Taurasi,G,PHX,,2021,2022,2,449544,224772,449544,449544
Erica Wheeler,G,IND,,2023,2024,2,444308,222154,444308,444308
Moriah Jefferson,G,PHX,,2023,2025,3,424500,141500,227164,372664
Skylar Diggins-Smith,G,SEA,,2024,2025,2,422685,211343,422685,422685
Kayla McBride,G,MIN,,2024,2025,2,413000,206500,413000,413000
Sabrina Ionescu,G,NY,,2023,2025,2,410060,205030,288701,510761
Courtney Vandersloot,G,CHI,,2020,2021,2,406000,203000,406000,406000
Kahleah Copper,G,CHI,,2022,2023,2,405000,202500,405000,405000
Natasha Cloud,G,PHX,,2024,2025,2,400000,200000,400000,400000
Ariel Atkins,G,WAS,,2024,2025,2,400000,200000,400000,400000
A'ja Wilson,C,LV,,2024,2025,2,400000,200000,400000,400000
A'ja Wilson,C,LV,,2022,2023,2,398422,199211,398422,398422
Allie Quigley,G,CHI,,2020,2021,2,394000,197000,394000,394000
Chelsea Gray,G,LV,,2022,2025,2,392534,196267,402534,598801
Nneka Ogwumike,F,LA,,2021,2022,2,386817,193409,386817,386817
Chelsea Gray,G,LV,,2021,2022,2,386817,193409,386817,386817
Kalani Brown,C,DAL,,2024,2026,3,386250,128750,253750,386250
AzurÃ¡ Stevens,F,LA,,2023,2024,2,385000,192500,405000,405000
Candace Parker,F,CHI,,2021,2022,2,385000,192500,385000,385000
Courtney Vandersloot,G,NY,,2023,2024,2,383670,191835,388670,388670
Courtney Williams,G,CON,,2020,2021,2,375500,187750,375500,375500
Angel McCoughtry,F,LV,,2020,2021,2,375500,187750,375500,375500
Jordin Canada,G,LA,,2024,2025,2,375000,187500,375000,375000
Alysha Clark,F,WAS,,2021,2022,2,366000,183000,183000,183000
Betnijah Laney,G,NY,,2024,2025,2,365400,182700,180000,180000
Erica Wheeler,G,LA,,2021,2022,2,365400,182700,365400,365400
Katie Lou Samuelson,G,IND,,2024,2025,2,355250,177625,355250,355250
Stefanie Dolson,C,CHI,,2020,2021,2,355250,177625,355250,355250
Courtney Williams,G,MIN,,2024,2025,2,355000,177500,355000,355000
Shekinna Stricklen,F,ATL,,2020,2021,2,345100,172550,345100,345100
Stefanie Dolson,C,WAS,,2024,2025,2,345000,172500,355000,355000
Ariel Atkins,G,WAS,,2021,2023,2,345000,172500,240040,415040
Caitlin Clark,G,IND,,2024,2027,4,338056,84514,154601,240474
Cameron Brink,F,LA,,2024,2027,4,338056,84514,154601,240474
Kamilla Cardoso,C,CHI,,2024,2027,4,338056,84514,154601,240474
Rickea Jackson,F,LA,,2024,2027,4,338056,84514,154601,240474
Stephanie Soares,C,DAL,,2024,2027,4,338056,84514,154601,240474
Kahleah Copper,G,CHI,,2020,2021,2,330000,165000,330000,330000
Alissa Pili,F,MIN,,2024,2027,4,324383,81096,148348,230747
Aaliyah Edwards,F,WAS,,2024,2027,4,324383,81096,148348,230747
Jacy Sheldon,G,DAL,,2024,2027,4,324383,81096,148348,230747
Angel Reese,F,CHI,,2024,2027,4,324383,81096,148348,230747
Rebecca Allen,G,PHX,,2024,2025,2,320000,160000,320000,320000
Stefanie Dolson,C,NY,,2022,2023,2,320000,160000,320000,320000
Ezi Magbegor,C,SEA,,2023,2024,2,314650,157325,314650,314650
Marquesha Davis,G,NY,,2024,2027,4,310718,77680,142097,221026
Kayla Thornton,F,DAL,,2021,2023,3,305956,101985,196240,305956
Sophie Cunningham,G,PHX,,2023,2024,2,304500,152250,339500,339500
Diamond DeShields,G,CHI,,2022,2023,2,304500,152250,304500,304500
Sami Whitcomb,G,NY,,2021,2022,2,300700,150350,300700,300700
Nia Coffey,F,ATL,,2024,2025,2,300000,150000,300000,300000
Alanna Smith,F,MIN,,2024,2025,2,300000,150000,300000,300000
Brianna Turner,F,PHX,,2023,2024,2,300000,150000,300000,300000
Dyaisha Fair,G,LV,,2024,2027,4,297045,74261,135844,211300
Celeste Taylor,G,IND,,2024,2027,4,297045,74261,135844,211300
Nika MÃ¼hl,G,SEA,,2024,2027,4,297045,74261,135844,211300
Kate Martin,G,LV,,2024,2027,4,297045,74261,135844,211300
Brynna Maxwell,G,CHI,,2024,2027,4,297045,74261,135844,211300
Kaylynne Truong,G,WAS,,2024,2027,4,297045,74261,135844,211300
Esmery Martinez,F,NY,,2024,2027,4,297045,74261,135844,211300
Jessika Carter,C,NY,,2024,2027,4,297045,74261,135844,211300
Taiyanna Jackson,C,CON,,2024,2027,4,297045,74261,135844,211300
Helena Pueyo,G,CON,,2024,2027,4,297045,74261,135844,211300
Leonie Fiebich,F,NY,,2024,2027,4,297045,74261,135844,211300
Riquna Williams,G,LV,,2022,2023,2,294350,147175,294350,294350
Alexis Morris,G,CON,,2023,2026,3,288393,96131,131887,205145
Leigha Brown,G,ATL,,2023,2026,3,288383,96128,131887,205145
Sami Whitcomb,G,SEA,,2023,2024,2,287500,143750,282500,282500
Tianna Hawkins,F,ATL,,2021,2022,2,284200,142100,284200,284200
Rebecca Allen,G,NY,,2022,2023,2,277850,138925,277850,277850
Leilani Correa,G,IND,,2024,2027,4,276830,69208,129592,198303
Kiki Jefferson,G,MIN,,2024,2027,4,276830,69208,129592,198303
McKenzie Forbes,F,LA,,2024,2027,4,276830,69208,129592,198303
Ashley Owusu,G,DAL,,2024,2027,4,276830,69208,129592,198303
Charisma Osborne,G,PHX,,2024,2027,4,276830,69208,129592,198303
Jaz Shelley,G,PHX,,2024,2027,4,276830,69208,129592,198303
Okako Adika,G,NY,,2024,2027,4,276830,69208,129592,198303
Amanda Zahui B,C,LA,,2021,2022,2,274000,137000,135000,135000
Victoria Vivians,G,IND,,2023,2024,2,272000,136000,272000,272000
Elizabeth Williams,C,CHI,,2023,2024,2,270000,135000,300000,300000
Jade Melbourne,G,SEA,,2023,2025,4,268767,67192,126439,193149
Leilani Mitchell,G,WAS,,2020,2021,2,250500,125250,250500,250500
Rae Burrell,F,LA,,2024,2025,2,250000,125000,262500,262500
Bridget Carleton,G,MIN,,2024,2025,2,250000,125000,250000,250000
Emma Meesseman,F,NY,,2025,2025,1,249244,249244,75694,75694
Kelsey Mitchell,G,IND,,2025,2025,1,249244,249244,269244,269244
Kiki Iriafen,F,WAS,,2025,2028,3,247688,82563,159239,247688
Sonia Citron,G,WAS,,2025,2028,3,247688,82563,159239,247688
Paige Bueckers,G,DAL,,2025,2028,3,247688,82563,159239,247688
Dominique Malonga,C,SEA,,2025,2028,3,247688,82563,159239,247688
Jessica Shepard,F,MIN,,2023,2025,2,243600,121800,120000,243600
Natisha Hiedeman,G,CON,,2023,2024,2,240000,120000,240000,240000
Brionna Jones,C,CON,,2021,2022,2,240000,120000,240000,240000
Layshia Clarendon,G,NY,,2020,2021,2,240000,120000,240000,240000
Monique Billings,F,LA,,2024,2025,2,238000,119000,238000,238000
Aneesah Morrow,F,CON,,2025,2028,3,237670,79223,152799,237670
Georgia Amoore,G,WAS,,2025,2028,3,237670,79223,152799,237670
Saniya Rivers,G,CON,,2025,2028,3,237670,79223,152799,237670
Maddy Siegrist,F,DAL,,2023,2026,3,233468,77823,150097,233468
Diamond Miller,G,MIN,,2023,2026,3,233468,77823,150097,233468
Aliyah Boston,F,IND,,2023,2026,3,233468,77823,150097,233468
Karlie Samuelson,G,WAS,,2024,2025,2,233450,116725,243450,243450
Sydney Wiese,G,LA,,2020,2022,3,230400,76800,148000,230400
Epiphanny Prince,G,SEA,,2021,2022,2,230000,115000,230000,230000
Morgan Tuck,F,CON,,2020,2021,2,230000,115000,230000,230000
Chiney Ogwumike,F,LA,,2021,2022,2,229390,114695,229390,229390
Hailey Van Lith,G,CHI,,2025,2028,3,227657,75886,146360,227657
Aziaha James,G,DAL,,2025,2028,3,227657,75886,146360,227657
Sarah Ashlee Barker,G,LA,,2025,2028,3,227657,75886,146360,227657
Leila Lacan,G,CON,,2025,2028,3,227657,75886,146360,227657
Carla Leite,G,GS,,2025,2028,3,227657,75886,146360,227657
Emily Engstler,F,IND,,2022,2025,3,226668,75556,145725,226668
NaLyssa Smith,F,IND,,2022,2025,3,226668,75556,145725,226668
Rhyne Howard,G,ATL,,2022,2025,3,226668,75556,145725,226668
Shakira Austin,C,WAS,,2022,2025,3,226668,75556,145725,226668
Lou Lopez-Senechal,G,DAL,,2023,2026,3,224026,74675,144027,224026
Laeticia Amihere,C,ATL,,2023,2026,3,224026,74675,144027,224026
Grace Berger,G,IND,,2023,2026,3,224026,74675,144027,224026
Haley Jones,G,ATL,,2023,2026,3,224026,74675,144027,224026
Kayla Thornton,F,NY,,2024,2025,2,222000,111000,242000,242000
Liz Cambage,C,LV,,2021,2021,1,221450,221450,221450,221450
Sue Bird,G,SEA,,2021,2021,1,221450,221450,221450,221450
Awak Kuier,C,DAL,,2021,2024,3,220067,73356,141481,220067
Charli Collier,C,DAL,,2021,2024,3,220067,73356,141481,220067
Aari McDonald,G,ATL,,2021,2024,3,220067,73356,141481,220067
Kysre Gondrezick,G,IND,,2021,2024,3,220067,73356,141481,220067
Alysha Clark,F,LV,,2023,2024,2,220000,110000,225150,225150
Kia Vaughn,C,PHX,,2021,2022,2,220000,110000,220000,220000
Anastasiia Kosu,F,MIN,,2025,2028,3,217640,72547,139920,217640
Makayla Timpson,F,IND,,2025,2028,3,217640,72547,139920,217640
Lucy Olsen,G,WAS,,2025,2028,3,217640,72547,139920,217640
Shyanne Sellers,G,GS,,2025,2028,3,217640,72547,139920,217640
Maddy Westbeld,F,CHI,,2025,2028,3,217640,72547,139920,217640
Bree Hall,G,IND,,2025,2028,3,217640,72547,139920,217640
Sania Feagin,F,LA,,2025,2028,3,217640,72547,139920,217640
Aaliyah Nye,G,LV,,2025,2028,3,217640,72547,139920,217640
Rayah Marshall,C,CON,,2025,2028,3,217640,72547,139920,217640
Madison Scott,G,DAL,,2025,2028,3,217640,72547,139920,217640
Te-Hina Paopao,G,ATL,,2025,2028,3,217640,72547,139920,217640
Shaneice Swain,G,LA,,2025,2028,3,217640,72547,139920,217640
Elizabeth Kitley,C,LV,,2025,2028,3,217640,72547,139920,217640
Lexie Hull,G,IND,,2022,2025,3,217502,72501,139833,217502
Mya Hollingshed,F,LV,,2022,2025,3,217502,72501,139833,217502
Veronica Burton,G,DAL,,2022,2025,3,217502,72501,139833,217502
Alyssa Thomas,F,PHX,,2025,2025,1,215000,215000,215000,215000
Satou Sabally,F,DAL,,2025,2025,1,215000,215000,215000,215000
Tiffany Hayes,G,ATL,,2022,2022,1,215000,215000,215000,215000
Sue Bird,G,SEA,,2020,2020,1,215000,215000,215000,215000
Emma Meesseman,F,WAS,,2020,2020,1,215000,215000,215000,215000
Zia Cooke,G,LA,,2023,2026,3,214588,71529,137958,214588
Abby Meyers,G,DAL,,2023,2026,3,214588,71529,137958,214588
Jordan Horston,F,SEA,,2023,2026,3,214588,71529,137958,214588
Brittney Griner,C,ATL,,2025,2025,1,214466,214466,214466,214466
Brionna Jones,C,ATL,,2025,2025,1,214466,214466,214466,214466
Natasha Howard,F,IND,,2025,2025,1,214466,214466,214466,214466
Chennedy Carter,G,ATL,,2020,2023,3,213597,71199,137360,213657
Lauren Cox,F,IND,,2020,2023,3,213597,71199,137300,213597
Satou Sabally,F,DAL,,2020,2023,3,213597,71199,137300,213597
Sabrina Ionescu,G,NY,,2020,2023,3,213597,71199,137360,213657
Brionna Jones,C,CON,,2024,2024,1,212000,212000,212000,212000
Michaela Onyenwere,F,NY,,2021,2024,3,211167,70389,135760,211167
Jasmine Walker,F,LA,,2021,2024,3,211167,70389,135760,211167
Shyla Heal,G,CHI,,2021,2024,3,211167,70389,135760,211167
Chelsea Dungee,G,DAL,,2021,2024,3,211167,70389,135760,211167
Queen Egbo,C,IND,,2022,2025,3,208338,69446,133940,208338
Rae Burrell,F,LA,,2022,2025,3,208338,69446,133940,208338
Kierstan Bell,G,LV,,2022,2025,3,208338,69446,133940,208338
Nia Clouden,G,CON,,2022,2025,3,208338,69446,133940,208338
Brionna Jones,C,CON,,2023,2023,1,208000,208000,208000,208000
Elena Tsineke,G,WAS,,2023,2026,3,205145,68382,131887,205145
Taylor Mikesell,G,IND,,2023,2026,3,205145,68382,131887,205145
LaDazhia Williams,F,IND,,2023,2026,3,205145,68382,131887,205145
Dulcy Fankam-Mendjiadeu,F,SEA,,2023,2026,3,205145,68382,131887,205145
Dorka Juhasz,F,MIN,,2023,2026,3,205145,68382,131887,131887
Brea Beal,G,MIN,,2023,2026,3,205145,68382,131887,205145
Ashley Joens,F,DAL,,2023,2026,3,205145,68382,131887,205145
Madi Williams,F,SEA,,2023,2026,3,205145,68382,131887,205145
Ruthy Hebard,F,CHI,,2020,2023,3,205016,68339,131805,205016
Tyasha Harris,G,DAL,,2020,2023,3,205016,68339,131805,205016
Mikiah Herbert Harrigan,F,MIN,,2020,2023,3,205016,68339,131805,205016
Bella Alarie,G,DAL,,2020,2023,3,205016,68339,131805,131805
Nneka Ogwumike,F,SEA,,2024,2024,1,204500,204500,204500,204500
Zaay Green,G,WAS,,2025,2028,3,204253,68084,133480,204253
Yvonne Ejim,F,IND,,2025,2028,3,204253,68084,133480,204253
Kaitlyn Chen,G,GS,,2025,2028,3,204253,68084,133480,204253
Harmoni Turner,G,LV,,2025,2028,3,204253,68084,133480,204253
Aaronette Vonleh,C,DAL,,2025,2028,3,204253,68084,133480,204253
JJ Quinerly,G,DAL,,2025,2028,3,204253,68084,133480,204253
Liatu King,F,LA,,2025,2028,3,204253,68084,133480,204253
Taylor Thierry,F,ATL,,2025,2028,3,204253,68084,133480,204253
Jordan Hobbs,G,SEA,,2025,2028,3,204253,68084,133480,204253
Madison Conner,G,SEA,,2025,2028,3,204253,68084,133480,204253
Serena Sundell,G,SEA,,2025,2028,3,204253,68084,133480,204253
Abbey Hsu,G,CON,,2025,2028,3,204253,68084,133480,204253
Mackenzie Holmes,F,SEA,,2025,2028,3,204253,68084,133480,204253
Kayana Traylor,G,CHI,,2023,2026,3,203838,67946,130580,203838
Myisha Hines-Allen,F,DAL,,2025,2025,1,203000,203000,203000,203000
Kiah Stokes,C,LV,,2024,2025,2,203000,101500,203000,203000
Rachel Banham,G,CON,,2020,2021,2,203000,101500,203000,203000
Rennia Davis,F,MIN,,2021,2024,3,202270,67423,130039,202270
Aaliyah Wilson,G,SEA,,2021,2024,3,202270,67423,130039,202270
Stephanie Watts,G,LA,,2021,2024,3,202270,67423,130039,202270
Dearica Hamby,F,LA,,2025,2025,1,202000,202000,202000,202000
Tiffany Hayes,G,GS,,2025,2025,1,200000,200000,200000,200000
DeWanna Bonner,F,IND,,2025,2025,1,200000,200000,200000,200000
DiJonai Carrington,G,CON,,2025,2025,1,200000,200000,200000,200000
DeWanna Bonner,F,CON,,2024,2024,1,200000,200000,200000,200000
Layshia Clarendon,G,LA,,2024,2025,2,200000,100000,200000,200000
Sylvia Fowles,C,MIN,,2022,2022,1,200000,200000,200000,200000
Jordan Lewis,G,CON,,2022,2025,3,199170,66390,128046,199170
Destanni Henderson,G,IND,,2022,2025,3,199170,66390,128046,199170
Kianna Smith,G,LA,,2022,2025,3,199170,66390,128046,199170
Olivia Nelson-Ododa,F,LA,,2022,2025,3,199170,66390,128046,199170
Christyn Williams,G,WAS,,2022,2025,3,199170,66390,128046,199170
Lorela Cubaj,F,NY,,2022,2025,3,199170,66390,128046,199170
Evina Westbrook,G,SEA,,2022,2025,3,199170,66390,128046,199170
Elissa Cunane,C,SEA,,2022,2025,3,199170,66390,128046,199170
Kayla Jones,F,MIN,,2022,2025,3,199170,66390,128046,199170
Aisha Sheppard,G,LV,,2022,2025,3,199170,66390,128046,199170
Naz Hillmon,F,ATL,,2022,2025,3,199170,66390,128046,199170
Kristy Wallace,G,ATL,,2022,2025,3,199170,66390,128046,199170
Tyasha Harris,G,CON,,2023,2025,2,197113,98557,180294,280307
Damiris Dantas,F,IND,,2024,2025,2,197100,98550,197100,197100
Jazmine Jones,G,NY,,2020,2023,3,196378,65459,260129,330256
Kitija Laksa,G,SEA,,2020,2023,3,196378,65459,126251,196378
Jocelyn Willoughby,F,NY,,2020,2023,3,196378,65459,126251,196378
Megan Walker,F,NY,,2020,2022,3,196378,65459,126251,196378
Lexie Brown,G,LA,,2025,2026,2,195226,97613,195226,195226
Nneka Ogwumike,F,SEA,,2025,2025,1,195000,195000,195000,195000
AzurÃ¡ Stevens,F,LA,,2025,2025,1,195000,195000,195000,195000
Satou Sabally,F,DAL,,2024,2024,1,195000,195000,195000,195000
Courtney Vandersloot,G,CHI,,2022,2022,1,195000,195000,195000,195000
Chelsea Gray,G,LA,,2020,2020,1,195000,195000,195000,195000
Arella Guirantes,G,LA,,2021,2024,3,193370,64457,124317,193370
Destiny Slocum,G,LV,,2021,2024,3,193370,64457,124317,193370
Trinity Baptiste,F,IND,,2021,2024,3,193370,64457,124317,193370
Didi Richards,G,NY,,2021,2024,3,193370,64457,124317,193370
N'dea Jones,F,SEA,,2021,2024,3,193370,64457,124317,193370
Natasha Mack,F,CHI,,2021,2024,3,193370,64457,124317,193370
DiJonai Carrington,G,CON,,2021,2024,3,193370,64457,124317,193370
Micaela Kelly,G,CON,,2021,2024,3,193370,64457,124317,193370
Kiana Williams,G,SEA,,2021,2024,3,193370,64457,124317,193370
Dana Evans,G,DAL,,2021,2024,3,193370,64457,124317,193370
Shatori Walker-Kimbrough,G,WAS,,2023,2024,2,192850,96425,192850,192850
Ashten Prechtel,F,CON,,2023,2026,3,192527,64176,125817,192527
Destiny Harden,F,PHX,,2023,2026,3,192527,64176,125817,192527
Kadi Sissoko,F,PHX,,2023,2026,3,192527,64176,126439,193149
Monika Czinano,F,LA,,2023,2026,3,192527,64176,125817,192527
Victaria Saxton,F,IND,,2023,2026,3,192527,64176,126439,193149
Jade Loville,G,SEA,,2023,2026,3,192527,64176,125817,192527
Brittany Davis,G,LV,,2023,2026,3,192527,64176,125817,192527
Taylor Soule,F,MIN,,2023,2026,3,192527,64176,125817,192527
Sika KonÃ©,F,NY,,2023,2026,3,192527,64176,81335,148045
Megan Gustafson,F,LV,,2024,2025,2,190820,95410,190820,190820
Megan Gustafson,F,DAL,,2020,2022,3,190500,63500,125500,190500
Rachel Banham,G,CON,,2024,2025,2,190000,95000,155224,155224
Julie Allemand,G,IND,,2020,2023,4,187819,46955,57000,118049
Jaylyn Agnew,F,WAS,,2020,2023,3,187738,62579,120696,187738
Kaila Charles,G,CON,,2020,2023,3,187738,62579,120696,187738
Leonie Fiebich,F,LA,,2020,2023,3,187738,62579,120696,187738
Luisa Geiselsoder,C,DAL,,2020,2024,3,187738,62579,,62774
Beatrice Mompremier,F,LA,,2020,2023,3,187738,62579,120696,187738
Joyner Holmes,F,SEA,,2020,2023,3,187738,62579,120696,187738
Te'a Cooper,G,PHX,,2020,2023,3,187738,62579,120696,187738
Brittany Brewer,C,ATL,,2020,2023,3,187738,62579,120696,187738
Crystal Dangerfield,G,MIN,,2020,2023,3,187738,62579,120696,187738
Leaonna Odom,F,NY,,2020,2023,3,187738,62579,120696,187738
Kathleen Doyle,G,IND,,2020,2023,3,187738,62579,120696,187738
Kylee Shook,F,NY,,2020,2022,3,187738,62579,120696,120696
Ameshya Williams-Holliday,C,IND,,2022,2025,3,186920,62307,122153,186920
Amy Atwell,F,LA,,2022,2025,3,186920,62307,122153,186920
Macee Williams,F,PHX,,2022,2025,3,186920,62307,122153,186920
Maya Dodson,F,PHX,,2022,2025,3,186920,62307,122153,186920
Hannah Sjerven,C,MIN,,2022,2025,3,186920,62307,122153,186920
Faustine Aifuwa,C,LA,,2022,2025,3,186920,62307,122153,186920
Ali Patberg,G,IND,,2022,2025,3,186920,62307,122153,186920
Jazz Bond,F,DAL,,2022,2025,3,186920,62307,122153,186920
Jasmine Dickey,G,DAL,,2022,2025,3,186920,62307,122756,187523
Li Yueru,C,CHI,,2022,2025,3,186920,62307,60471,125238
Ezi Magbegor,C,SEA,,2025,2025,1,186000,186000,186000,186000
Alysha Clark,F,SEA,,2025,2025,1,185000,185000,205908,205908
Courtney Vandersloot,G,CHI,,2025,2025,1,185000,185000,185000,185000
Emma Meesseman,F,CHI,,2022,2022,1,185000,185000,185000,185000
Betnijah Laney,G,IND,,2020,2020,2,182700,91350,68000,68000
Ciera Johnson,C,PHX,,2021,2024,3,181475,60492,118595,181475
Lindsey Pulliam,G,ATL,,2021,2024,3,181475,60492,118595,181475
Chelsey Perry,F,IND,,2021,2024,3,181475,60492,118595,181475
Kionna Jeter,G,LV,,2021,2024,3,181475,60492,118595,181475
Valerie Higgins,F,NY,,2021,2024,3,181475,60492,118595,181475
Florencia Chagas,G,IND,,2021,2024,3,181475,60492,59885,122765
Aleah Goodman,G,CON,,2021,2024,3,181475,60492,118595,181475
Natalie Kucowski,F,SEA,,2021,2024,3,181475,60492,118595,181475
Lindsay Allen,G,CHI,,2024,2025,2,180000,90000,180000,180000
Tierra Ruffin-Pratt,G,LA,,2020,2021,2,180000,90000,180000,180000
Iliana Rupert,C,LV,,2022,2025,3,179452,59817,105054,179452
Sug Sutton,G,WAS,,2020,2023,3,176190,58730,115141,176190
Juicy Landrum,G,CON,,2020,2023,3,176190,58730,115141,176190
Tynice Martin,G,LA,,2020,2023,3,176190,58730,115141,176190
Lauren Manis,F,LV,,2020,2023,3,176190,58730,115141,176190
Kiah Gillespie,F,CHI,,2020,2023,3,176190,58730,115141,176190
Haley Gorecki,G,SEA,,2020,2023,3,176190,58730,115141,176190
Japreece Dean,G,CHI,,2020,2023,3,176190,58730,115141,176190
Stella Johnson,G,PHX,,2020,2023,3,176190,58730,115141,176190
Kamiah Smalls,G,IND,,2020,2023,3,176190,58730,115141,176190
Erica Ogwumike,G,MIN,,2020,2023,3,176190,58730,115141,176190
Mikayla Pivec,G,ATL,,2020,2023,3,176190,58730,115141,176190
Tina Charles,C,WAS,,2021,2021,1,175000,175000,175000,175000
Yvonne Anderson,G,CON,,2025,2026,2,170000,85000,170000,170000
Tina Charles,C,CON,,2025,2025,1,170000,170000,170000,170000
Julie Allemand,G,CHI,,2024,2025,2,170000,85000,85000,85000
Liz Cambage,C,LA,,2022,2022,1,170000,170000,170000,170000
Nneka Ogwumike,F,LA,,2023,2023,1,169500,169500,199530,199530
Brittney Griner,C,PHX,,2023,2023,1,165100,165100,165100,165100
Glory Johnson,F,ATL,,2020,2020,1,165000,165000,165000,165000
Tiffany Hayes,G,CON,,2023,2023,1,162477,162477,162477,162477
Emma Cannon,F,IND,,2022,2022,2,162400,81200,133113,133113
Mercedes Russell,C,LA,,2025,2025,1,160000,160000,160000,160000
Crystal Dangerfield,G,DAL,,2023,2024,2,160000,80000,160000,160000
Courtney Williams,G,CHI,,2023,2023,1,160000,160000,160000,160000
Lexie Brown,G,LA,,2023,2024,2,158340,79170,158340,158340
Nyara Sabally,F,NY,,2023,2026,3,152726,50909,144027,224026
Shatori Walker-Kimbrough,G,ATL,,2025,2025,1,150000,150000,150000,150000
Brittney Griner,C,PHX,,2024,2024,1,150000,150000,150000,150000
Erica McCall,F,WAS,,2021,2022,2,146000,73000,146000,146000
Monique Billings,F,ATL,,2023,2023,1,145000,145000,145000,145000
Jessica Breland,F,IND,,2021,2021,1,145000,145000,145000,145000
Monique Billings,F,ATL,,2022,2022,1,140000,140000,140000,140000
Briann January,G,SEA,,2022,2022,1,140000,140000,140000,140000
AzurÃ¡ Stevens,F,CHI,,2021,2022,1,140000,140000,210040,210040
Marine Johannes,G,NY,,2020,2021,2,138040,69020,68000,68000
Natisha Hiedeman,G,MIN,,2025,2025,1,135000,135000,135000,135000
Nia Coffey,F,ATL,,2023,2023,1,135000,135000,135000,135000
Allie Quigley,G,CHI,,2022,2022,1,135000,135000,135000,135000
Odyssey Sims,G,LA,,2025,2025,1,130000,130000,130000,130000
Tina Charles,C,ATL,,2024,2024,1,130000,130000,130000,130000
Angel McCoughtry,F,MIN,,2022,2022,1,130000,130000,130000,130000
Nia Coffey,F,ATL,,2022,2022,1,130000,130000,130000,130000
Bria Holmes,G,CON,,2020,2020,1,130000,130000,130000,130000
Danielle Robinson,G,LV,,2020,2020,1,130000,130000,130000,130000
Yang Liwei,G,LA,,2023,2024,2,126439,63220,126439,126439
Sami Whitcomb,G,PHX,,2025,2025,1,125000,125000,125000,125000
Michaela Onyenwere,F,CHI,,2025,2025,1,125000,125000,125000,125000
Astou Ndour,C,CON,,2024,2024,1,125000,125000,125000,125000
LaToya Sanders,F,WAS,,2021,2021,1,117000,117000,117000,117000
Maria Conde,F,CHI,,2020,2021,2,115700,57850,117471,117471
Rebecca Greenwell,G,WAS,,2020,2021,2,115170,57585,115170,115170
Diamond DeShields,G,CON,,2025,2025,1,115000,115000,115000,115000
Astou Ndour,C,CHI,,2023,2023,1,115000,115000,,
Kiah Stokes,C,LV,,2022,2022,1,115000,115000,115000,115000
Monique Billings,F,GS,,2025,2025,1,110000,110000,110000,110000
Seimone Augustus,G,LA,,2020,2020,1,110000,110000,110000,110000
Rebecca Allen,G,NY,,2021,2021,1,105037,105037,105037,105037
Courtney Williams,G,CON,,2022,2022,1,103000,103000,103000,103000
Cecilia Zandalasini,F,GS,,2025,2025,1,100000,100000,100000,100000
Elizabeth Williams,C,CHI,,2025,2025,1,100000,100000,100000,100000
Sophie Cunningham,G,PHX,,2025,2025,1,100000,100000,100000,100000
Candace Parker,F,LV,,2024,2024,1,100000,100000,100000,100000
Diamond DeShields,G,CHI,,2024,2024,1,100000,100000,100000,100000
Rebekah Gardner,G,CHI,,2023,2023,1,100000,100000,100000,100000
Alanna Smith,F,CHI,,2023,2023,1,100000,100000,100000,100000
Candace Parker,F,LV,,2023,2023,1,100000,100000,100000,100000
Jordin Canada,G,LA,,2022,2022,1,98000,98000,98000,98000
Riquna Williams,G,LV,,2021,2021,1,91250,91250,91250,91250
Bridget Carleton,G,MIN,,2023,2023,1,91000,91000,91000,91000
Katie Lou Samuelson,G,SEA,,2025,2025,1,90000,90000,90000,90000
Sydney Colson,G,IND,,2025,2025,1,90000,90000,90000,90000
Chiney Ogwumike,F,LA,,2023,2023,1,90000,90000,90000,90000
Theresa Plaisance,F,SEA,,2023,2023,1,90000,90000,90000,90000
Nina Milic,F,MIN,,2023,2023,1,90000,90000,90000,90000
Layshia Clarendon,G,MIN,,2022,2022,1,90000,90000,90000,90000
Elizabeth Williams,C,WAS,,2022,2022,1,90000,90000,90000,90000
Dana Evans,G,CHI,,2025,2025,1,89000,89000,89000,89000
Tiffany Hayes,G,LV,,2024,2024,1,88000,88000,88000,88000
Brianna Turner,F,IND,,2025,2025,1,85000,85000,85000,85000
Kiah Stokes,C,LV,,2023,2023,1,81000,81000,81000,81000
Kitija Laksa,G,PHX,,2025,2025,1,80000,80000,80000,80000
Emma Cannon,F,IND,,2023,2023,1,80000,80000,80000,80000
Sugar Rodgers,G,LV,,2020,2020,1,80000,80000,80000,80000
Tiffany Mitchell,G,SEA,,2025,2025,1,78831,78831,42397,42397
Cheyenne Parker,F,LV,,2025,2025,1,78831,78831,78831,78831
Kaila Charles,G,DAL,,2025,2025,1,78831,78831,78831,78831
Joyner Holmes,F,LV,,2025,2025,1,78831,78831,61607,61607
Emma Cannon,F,LA,,2025,2025,1,78831,78831,116331,116331
Kennedy Burke,G,NY,,2025,2025,1,78831,78831,78831,78831
Sug Sutton,G,WAS,,2025,2025,1,78831,78831,93831,93831
Veronica Burton,G,GS,,2025,2025,1,78831,78831,103831,103831
Shey Peddy,G,IND,,2025,2025,1,78831,78831,1987,1987
Odyssey Sims,G,IND,,2025,2025,1,78831,78831,7949,7949
Kaila Charles,G,GS,,2025,2025,1,78831,78831,13911,13911
DeWanna Bonner,F,PHX,,2025,2025,1,78831,78831,63721,63721
Shey Peddy,G,LA,,2025,2025,1,78831,78831,44715,44715
Jessica Shepard,F,MIN,,2025,2025,1,78831,78831,78831,78831
Bria Hartley,G,CON,,2025,2025,1,78831,78831,78831,78831
Queen Egbo,C,LV,,2025,2025,1,78831,78831,78831,78831
Alexis Prince,G,PHX,,2025,2025,1,78831,78831,78831,78831
Haley Peters,F,CON,,2025,2025,1,78831,78831,78831,78831
Erica Wheeler,G,SEA,,2025,2025,1,78831,78831,78831,78831
Kiara Leslie,G,MIN,,2025,2025,1,78831,78831,78831,78831
Aerial Powers,F,IND,,2025,2025,1,78829,78829,3975,3975
Haley Peters,F,CON,,2025,2025,1,78829,78829,25173,25173
Monique Billings,F,PHX,,2024,2024,1,76535,76535,18950,18950
Odyssey Sims,G,LA,,2024,2024,1,76535,76535,8335,8335
Victoria Vivians,G,SEA,,2024,2024,1,76535,76535,76535,76535
Kaela Davis,F,CHI,,2024,2024,1,76535,76535,1516,1516
Alaina Coates,C,SEA,,2024,2024,1,76535,76535,76535,76535
Kennedy Burke,G,NY,,2024,2024,1,76535,76535,76535,76535
Ruthy Hebard,F,MIN,,2024,2024,1,76535,76535,76535,76535
Shey Peddy,G,CON,,2024,2024,1,76535,76535,76535,76535
Jocelyn Willoughby,F,CON,,2024,2024,1,76535,76535,76535,76535
Bria Hartley,G,LV,,2024,2024,1,76535,76535,76535,76535
Chennedy Carter,G,CHI,,2024,2024,1,76535,76535,76535,76535
Emma Cannon,F,LV,,2024,2024,1,76535,76535,76535,76535
Sydney Wiese,G,CON,,2024,2024,1,76535,76535,76535,76535
Joyner Holmes,F,SEA,,2024,2024,1,76535,76535,61380,61380
Sydney Colson,G,LV,,2024,2024,1,76535,76535,76535,76535
Crystal Dangerfield,G,LA,,2024,2024,1,76529,76529,5304,5304
Kristi Toliver,G,WAS,,2023,2023,1,75000,75000,75000,75000
Sophie Cunningham,G,PHX,,2022,2022,1,75000,75000,75000,75000
Odyssey Sims,G,ATL,,2021,2021,1,75000,75000,75000,75000
Rachel Banham,G,MIN,,2023,2023,1,74305,74305,74305,74305
Yvonne Turner,G,SEA,,2023,2023,1,74305,74305,74305,74305
Tianna Hawkins,F,WAS,,2023,2023,1,74305,74305,74305,74305
Reshanda Gray,F,LA,,2023,2023,1,74305,74305,74305,74305
Shey Peddy,G,PHX,,2023,2023,1,74305,74305,74305,74305
Kalani Brown,C,DAL,,2023,2023,1,74305,74305,35861,35861
Amanda Zahui B,C,WAS,,2023,2023,1,74305,74305,74305,74305
Jordin Canada,G,LA,,2023,2023,1,74305,74305,74305,74305
Sydney Wiese,G,PHX,,2023,2023,1,74305,74305,74305,74305
Sydney Colson,G,LV,,2023,2023,1,74305,74305,74305,74305
Layshia Clarendon,G,LA,,2023,2023,1,74305,74305,74305,74305
Damiris Dantas,F,MIN,,2023,2023,1,74305,74305,74305,74305
Megan Gustafson,F,PHX,,2023,2023,1,74305,74305,74305,74305
Lindsay Allen,G,MIN,,2023,2023,1,74305,74305,74305,74305
Cayla George,C,LV,,2023,2023,1,74305,74305,74305,74305
Joyner Holmes,F,LA,,2023,2023,1,74305,74305,74305,74305
Asia Durr,G,ATL,,2023,2023,1,74305,74305,74305,74305
Aari McDonald,G,IND,,2025,2025,1,72414,72414,52333,52333
Odyssey Sims,G,MIN,,2022,2022,1,72141,72141,72141,72141
Kalani Brown,C,LV,,2022,2022,1,72141,72141,72141,72141
Lexie Brown,G,LA,,2022,2022,1,72141,72141,72141,72141
Jantel Lavender,F,SEA,,2022,2022,1,72141,72141,72141,72141
Kaela Davis,F,CHI,,2022,2022,1,72141,72141,72141,72141
Imani McGee-Stafford,C,CHI,,2022,2022,1,72141,72141,72141,72141
Sydney Colson,G,LV,,2022,2022,1,72141,72141,72141,72141
Theresa Plaisance,F,LV,,2022,2022,1,72141,72141,72141,72141
Stephanie Mavunga,F,WAS,,2022,2022,1,72141,72141,72141,72141
Alanna Smith,F,IND,,2022,2022,1,72141,72141,72141,72141
Yvonne Turner,G,MIN,,2022,2022,1,72141,72141,50356,50356
Rachel Banham,G,MIN,,2022,2022,1,72141,72141,72141,72141
Victoria Vivians,G,IND,,2022,2022,1,72141,72141,72141,72141
Alaina Coates,C,IND,,2022,2022,1,72141,72141,72141,72141
Lindsay Allen,G,IND,,2022,2022,1,72141,72141,72141,72141
Tianna Hawkins,F,WAS,,2022,2022,1,72141,72141,72141,72141
Shatori Walker-Kimbrough,G,WAS,,2022,2022,1,72141,72141,72141,72141
Sue Bird,G,SEA,,2022,2022,1,72141,72141,72141,72141
Shey Peddy,G,PHX,,2022,2022,1,72141,72141,72141,72141
Megan Gustafson,F,PHX,,2022,2022,1,72141,72141,72141,72141
Bridget Carleton,G,MIN,,2022,2022,1,72141,72141,72141,72141
Natisha Hiedeman,G,CON,,2022,2022,1,72141,72141,72141,72141
Avery Warley-Talbert,C,PHX,,2021,2021,1,70040,70040,70040,70040
Asia Taylor,F,NY,,2021,2021,1,70040,70040,70040,70040
Alexis Prince,G,CHI,,2021,2021,1,70040,70040,70040,70040
Shavonte Zellous,G,WAS,,2021,2021,1,70040,70040,70040,70040
Theresa Plaisance,F,WAS,,2021,2021,1,70040,70040,70040,70040
Astou Ndour,C,CHI,,2021,2021,1,70040,70040,70040,70040
Kaela Davis,F,ATL,,2021,2021,1,70040,70040,70040,70040
Seimone Augustus,G,LA,,2021,2021,1,70040,70040,70040,70040
Yvonne Turner,G,ATL,,2021,2021,1,70040,70040,70040,70040
Tamera Young,F,SEA,,2021,2021,1,70040,70040,70040,70040
Nia Coffey,F,LA,,2021,2021,1,70040,70040,70040,70040
Lindsay Allen,G,LV,,2021,2021,1,70040,70040,70040,70040
Jessica January,G,CHI,,2021,2021,1,70040,70040,70040,70040
Kitija Laksa,G,DAL,,2023,2023,1,70000,70000,,
Jasmine Walker,F,SEA,,2023,2023,1,70000,70000,70000,70000
Sydney Colson,G,CHI,,2020,2020,1,70000,70000,70000,70000
Maya Caldwell,G,IND,,2023,2023,1,68000,68000,68000,68000
Erica McCall,F,MIN,,2020,2020,1,68000,68000,68000,68000
Kayla Alexander,C,MIN,,2020,2020,1,68000,68000,68000,68000
Blake Dietrick,G,ATL,,2020,2020,1,68000,68000,68000,68000
Epiphanny Prince,G,SEA,,2020,2020,1,68000,68000,68000,68000
Imani McGee-Stafford,C,DAL,,2020,2020,1,68000,68000,68000,68000
Celeste Taylor,G,CON,,2024,2024,1,67249,67249,8658,8658
Moriah Jefferson,G,MIN,,2022,2022,1,67141,67141,67141,67141
Amy Okonkwo,F,DAL,,2025,2025,1,66079,66079,2915,2915
Serena Sundell,G,DAL,,2025,2025,1,66079,66079,3887,3887
Madison Scott,G,WAS,,2025,2025,1,66079,66079,4442,4442
Kyra Lambert,G,IND,,2025,2025,1,66079,66079,3887,3887
Sika KonÃ©,F,ATL,,2025,2025,1,66079,66079,15548,15548
Mamignan TourÃ©,F,CON,,2025,2025,1,66079,66079,17769,17769
Jaylyn Sherrod,G,MIN,,2025,2025,1,66079,66079,18880,18880
Grace Berger,G,DAL,,2025,2025,1,66079,66079,17213,17213
Alissa Pili,F,LA,,2025,2025,1,66079,66079,10550,10550
Chloe Bibby,F,IND,,2025,2025,1,66079,66079,23322,23322
Sevgi Uzun,G,CHI,,2025,2025,1,66079,66079,25543,25543
Marquesha Davis,G,CHI,,2025,2025,1,66079,66079,3887,3887
Mamignan TourÃ©,F,CON,,2025,2025,1,66079,66079,3887,3887
Grace Berger,G,DAL,,2025,2025,1,66079,66079,3887,3887
Haley Jones,G,DAL,,2025,2025,1,66079,66079,36094,36094
Kaila Charles,G,DAL,,2025,2025,1,66079,66079,43225,43225
Bree Hall,G,IND,,2025,2025,1,66079,66079,4442,4442
Kaitlyn Chen,G,GS,,2025,2025,1,66079,66079,49420,49420
Mackenzie Holmes,F,SEA,,2025,2025,1,66079,66079,48865,48865
Megan McConnell,G,PHX,,2025,2025,1,66079,66079,56084,56084
Haley Jones,G,PHX,,2025,2025,1,66079,66079,57194,57194
Liatu King,F,DAL,,2025,2025,1,66079,66079,43867,43867
Lauren Jensen,G,WAS,,2025,2025,1,66079,66079,66079,66079
DeYona Gaston,F,ATL,,2025,2025,1,66079,66079,66079,66079
Leaonna Odom,F,NY,,2025,2025,1,66079,66079,66079,66079
Diamond Johnson,G,MIN,,2025,2025,1,66079,66079,66079,66079
Mamignan TourÃ©,F,GS,,2025,2025,1,66079,66079,66079,66079
Madison Hayes,G,CON,,2025,2025,1,66079,66079,66079,66079
Jordyn Jenkins,F,LV,,2025,2025,1,66079,66079,66079,66079
Annika Soltau,F,NY,,2025,2025,1,66079,66079,,
Helena Pueyo,G,PHX,,2025,2025,1,66079,66079,,
Maria Gakdeng,F,ATL,,2025,2025,1,66079,66079,66079,66079
Emani Jefferson,G,ATL,,2025,2025,1,66079,66079,66079,66079
Julia Ayrault,G,PHX,,2025,2025,1,66079,66079,,
Megan McConnell,G,PHX,,2025,2025,1,66079,66079,66079,66079
Jessika Carter,C,CHI,,2025,2025,1,66079,66079,66079,66079
Temira Poindexter,F,PHX,,2025,2025,1,66079,66079,66079,66079
Deja Kelly,G,LV,,2025,2025,1,66079,66079,66079,66079
Morgan Jones,G,WAS,,2025,2025,1,66079,66079,66079,66079
Khadijiah Cave,C,WAS,,2025,2025,1,66079,66079,66079,66079
JoJo Lacey,F,WAS,,2025,2025,1,66079,66079,66079,66079
Ashten Prechtel,F,WAS,,2025,2025,1,66079,66079,66079,66079
Tilly Boler,G,CHI,,2025,2025,1,66079,66079,66079,66079
Sammie Puisis,G,CHI,,2025,2025,1,66079,66079,66079,66079
Reigan Richardson,G,MIN,,2025,2025,1,66079,66079,66079,66079
Ajae Petty,F,DAL,,2025,2025,1,66079,66079,1250,1250
Jillian Alleyne,F,IND,,2025,2025,1,66079,66079,66079,66079
Marine Johannes,G,NY,,2025,2025,1,66079,66079,66079,66079
Monique Akoa-Makani,G,PHX,,2025,2025,1,66079,66079,66079,66079
Shyla Heal,G,PHX,,2025,2025,1,66079,66079,66079,66079
Seehia Ridard,F,NY,,2025,2025,1,66079,66079,,
Ashley Joens,F,ATL,,2025,2025,1,66079,66079,66079,66079
Alex Wilson,G,CHI,,2025,2025,1,66079,66079,66079,66079
Morgan Bertsch,F,CHI,,2025,2025,1,66079,66079,66079,66079
Camryn Taylor,F,MIN,,2025,2025,1,66079,66079,66079,66079
Christyn Williams,G,DAL,,2025,2025,1,66079,66079,833,833
Kamila Borkowska,C,CON,,2025,2025,1,66079,66079,66079,66079
Crystal Bradford,G,LV,,2025,2025,1,66079,66079,66079,66079
Murjanatu Musa,C,PHX,,2025,2025,1,66079,66079,66079,66079
Maria Kliundikova,C,MIN,,2025,2025,1,66079,66079,54418,54418
Brianna Fraser,F,SEA,,2025,2025,1,66079,66079,66079,66079
Zia Cooke,G,SEA,,2025,2025,1,66079,66079,13882,13882
Amy Okonkwo,F,CON,,2025,2025,1,66079,66079,66079,66079
Kariata Diaby,C,CON,,2025,2025,1,66079,66079,66079,66079
Li Yueru,C,SEA,,2025,2025,1,66079,66079,66079,66079
Kathryn Westbeld,F,PHX,,2025,2025,1,66079,66079,66079,66079
Anna Makurat,G,PHX,,2025,2025,1,66079,66079,66079,66079
Lexi Held,G,PHX,,2025,2025,1,66079,66079,66079,66079
Mai Yamamoto,G,DAL,,2025,2025,1,66079,66079,66079,66079
Elissa Cunane,C,GS,,2025,2025,1,66079,66079,66079,66079
Chloe Bibby,F,GS,,2025,2025,1,66079,66079,49420,49420
Kyara Linskens,C,GS,,2025,2025,1,66079,66079,66079,66079
Janelle Salaun,F,GS,,2025,2025,1,66079,66079,66079,66079
Robyn Parks,G,CON,,2025,2025,1,66079,66079,66079,66079
Holly Winterburn,G,ATL,,2025,2025,1,66079,66079,66079,66079
Luisa Geiselsoder,C,DAL,,2025,2025,1,66079,66079,66079,66079
Esmery Martinez,F,NY,,2025,2025,1,66079,66079,66079,66079
Raquel Carrera,C,NY,,2025,2025,1,66079,66079,,
Marieme Badiane,C,MIN,,2025,2025,1,66079,66079,66079,66079
Emily Engstler,F,WAS,,2025,2025,1,66079,66079,81079,81079
Celeste Taylor,G,PHX,,2025,2025,1,66079,66079,66079,66079
Natasha Mack,F,PHX,,2025,2025,1,66079,66079,116079,116079
Caitlin Bickle,F,CON,,2025,2025,1,66079,66079,66079,66079
Maya Caldwell,G,ATL,,2025,2025,1,66079,66079,66079,66079
Sevgi Uzun,G,DAL,,2025,2025,1,66079,66079,66079,66079
Rebekah Gardner,G,NY,,2025,2025,1,66079,66079,66079,66079
Jaelyn Brown,G,CON,,2025,2025,1,66079,66079,61039,61039
Julie Vanloo,G,GS,,2025,2025,1,66079,66079,66079,66079
Kiana Williams,G,PHX,,2025,2025,1,66045,66045,12772,12772
Taylor Mikesell,G,ATL,,2023,2023,1,65290,65290,53078,53078
Liz Dixon,F,PHX,,2024,2024,1,65154,65154,4446,4446
Jakia Brown-Turner,G,WAS,,2024,2024,1,65154,65154,4446,4446
Ezinne Kalu,G,ATL,,2024,2024,1,64154,64154,1270,1270
Queen Egbo,C,LV,,2024,2024,1,64154,64154,1905,1905
Caitlin Bickle,F,CON,,2024,2024,1,64154,64154,12700,12700
Queen Egbo,C,LA,,2024,2024,1,64154,64154,39382,39382
Morgan Bertsch,F,DAL,,2024,2024,1,64154,64154,41339,41339
Jessika Carter,C,LV,,2024,2024,1,64154,64154,42573,42573
Charisma Osborne,G,PHX,,2024,2024,1,64154,64154,45098,45098
Natasha Mack,F,PHX,,2024,2024,1,64154,64154,64154,64154
Liz Dixon,F,PHX,,2024,2024,1,64154,64154,64154,64154
Destanni Henderson,G,ATL,,2024,2024,1,64154,64154,4446,4446
Cecilia Zandalasini,F,MIN,,2024,2024,1,64154,64154,64154,64154
Jaylyn Sherrod,G,NY,,2024,2024,1,64154,64154,17145,17145
Lorela Cubaj,F,ATL,,2024,2024,1,64154,64154,64154,64154
Mya Hollingshed,F,PHX,,2024,2024,1,64154,64154,64154,64154
Khadijiah Cave,C,ATL,,2024,2024,1,64154,64154,64154,64154
Kiana Williams,G,SEA,,2024,2024,1,64154,64154,4446,4446
Sevgi Uzun,G,DAL,,2024,2024,1,64154,64154,64154,64154
Katrina Pardee,G,DAL,,2024,2024,1,64154,64154,64154,64154
Jaelyn Brown,G,DAL,,2024,2024,1,64154,64154,64154,64154
Amy Atwell,F,PHX,,2024,2024,1,64154,64154,635,635
Jaime Nared,G,MIN,,2024,2024,1,64154,64154,64154,64154
Morgan Green,F,NY,,2024,2024,1,64154,64154,64154,64154
Mikiah Herbert Harrigan,F,PHX,,2024,2024,1,64154,64154,64154,64154
Morgan Bertsch,F,PHX,,2024,2024,1,64154,64154,64154,64154
Kysre Gondrezick,G,CHI,,2024,2024,1,64154,64154,64154,64154
Elissa Cunane,C,WAS,,2024,2024,1,64154,64154,64154,64154
Taylor Soule,F,MIN,,2024,2024,1,64154,64154,64154,64154
Kamaria McDaniel,G,LV,,2024,2024,1,64154,64154,64154,64154
Taya Reimer,F,CHI,,2024,2024,1,64154,64154,64154,64154
Brianna Fraser,F,NY,,2024,2024,1,64154,64154,64154,64154
Christyn Williams,G,PHX,,2024,2024,1,64154,64154,64154,64154
Kayana Traylor,G,MIN,,2024,2024,1,64154,64154,64154,64154
Taylor Mikesell,G,LA,,2024,2024,1,64154,64154,64154,64154
Virag Kiss,C,LA,,2024,2024,1,64154,64154,64154,64154
Rennia Davis,F,CON,,2024,2024,1,64154,64154,64154,64154
Kianna Smith,G,CON,,2024,2024,1,64154,64154,64154,64154
Maya Caldwell,G,ATL,,2024,2024,1,64154,64154,36841,36841
Sug Sutton,G,PHX,,2024,2024,1,64154,64154,18415,18415
Didi Richards,G,WAS,,2024,2024,1,64154,64154,64154,64154
Stephanie Mawuli,F,NY,,2024,2024,1,64154,64154,64154,64154
Ivana Dojkic,G,NY,,2024,2024,1,64154,64154,64154,64154
Emily Engstler,F,WAS,,2024,2024,1,64154,64154,64154,64154
Julie Vanloo,G,WAS,,2024,2024,1,64154,64154,64154,64154
Olivia Epoupa,G,MIN,,2024,2024,1,64154,64154,635,635
Karlie Samuelson,G,LA,,2023,2023,1,62675,62675,62675,62675
Diamond Battles,G,CON,,2023,2023,1,62285,62285,62285,62285
Lorela Cubaj,F,ATL,,2023,2023,1,62285,62285,62285,62285
Li Meng,F,WAS,,2023,2023,1,62285,62285,62285,62285
Kylee Shook,F,PHX,,2023,2023,1,62285,62285,62285,62285
Stephanie Mawuli,F,NY,,2023,2023,1,62285,62285,62285,62285
Morgan Green,F,NY,,2023,2023,1,62285,62285,62285,62285
Khaalia Hillsman,C,CON,,2023,2023,1,62285,62285,62285,62285
Caitlin Bickle,F,CON,,2023,2023,1,62285,62285,62285,62285
Essence Booker,G,PHX,,2023,2023,1,62285,62285,62285,62285
Angel Baker,G,CHI,,2023,2023,1,62285,62285,62285,62285
Jayla Everett,G,CON,,2023,2023,1,62285,62285,62285,62285
Crystal Bradford,G,LA,,2023,2023,1,62285,62285,62285,62285
Keishana Washington,G,MIN,,2023,2023,1,62285,62285,62285,62285
Myah Selland,F,MIN,,2023,2023,1,62285,62285,62285,62285
Morgan Bertsch,F,CHI,,2023,2023,1,62285,62285,62285,62285
Lasha Petree,G,CON,,2023,2023,1,62285,62285,62285,62285
Sug Sutton,G,PHX,,2023,2023,1,62285,62285,62285,62285
Destiny Slocum,G,PHX,,2023,2023,1,62285,62285,62285,62285
Mikayla Pivec,G,ATL,,2023,2023,1,62285,62285,62285,62285
Marine Johannes,G,NY,,2023,2023,1,62285,62285,62285,62285
Feyonda Fitzgerald,G,CHI,,2023,2023,1,62285,62285,62285,62285
Robyn Parks,G,CHI,,2023,2023,1,62285,62285,62285,62285
Xu Han,C,NY,,2023,2023,1,62285,62285,62285,62285
Anneli Maley,F,CHI,,2023,2023,1,62285,62285,62285,62285
Bernadett HatÃ¡r,C,IND,,2023,2023,1,62285,62285,62285,62285
Khayla Pointer,G,IND,,2023,2023,1,62285,62285,62285,62285
Chelsey Perry,F,IND,,2023,2023,1,62285,62285,62285,62285
Rennia Davis,F,IND,,2023,2023,1,62285,62285,62285,62285
Jennie Simms,G,PHX,,2023,2023,1,62285,62285,43870,43870
Lauren Cox,F,CON,,2023,2023,1,62285,62285,62285,62285
Stephanie Jones,F,WAS,,2023,2023,1,62285,62285,62285,62285
Mikiah Herbert Harrigan,F,CON,,2023,2023,1,62285,62285,62285,62285
Kaila Charles,G,SEA,,2023,2023,1,62285,62285,62285,62285
Jazmine Jones,G,WAS,,2023,2023,1,62285,62285,62285,62285
Alexis Peterson,G,LV,,2023,2023,1,62285,62285,62285,62285
Courtney Range,C,LV,,2023,2023,1,62285,62285,62285,62285
Crystal Bradford,G,CHI,,2022,2022,1,62000,62000,62000,62000
Jennie Simms,G,PHX,,2022,2022,1,60741,60741,60741,60741
Crystal Dangerfield,G,IND,,2022,2022,1,60471,60471,45353,45353
Nina Milic,F,MIN,,2022,2022,1,60471,60471,42210,42210
Victoria Macaulay,C,LV,,2022,2022,1,60471,60471,60471,60471
Katie Benzan,G,WAS,,2022,2022,1,60471,60471,44456,44456
Masseny Kaba,F,CHI,,2022,2022,1,60471,60471,60471,60471
Jennifer Coleman,G,WAS,,2022,2022,1,60471,60471,60471,60471
Jenna Giacone,G,SEA,,2022,2022,1,60471,60471,60471,60471
Paisley Harding,G,SEA,,2022,2022,1,60471,60471,60471,60471
Sam Thomas,F,PHX,,2022,2022,1,60471,60471,60471,60471
Vivian Gray,G,PHX,,2022,2022,1,60471,60471,60471,60471
Mael Gilles,F,PHX,,2022,2022,1,60471,60471,60471,60471
Chloe Bibby,F,MIN,,2022,2022,1,60471,60471,60471,60471
CeCe Hooks,G,MIN,,2022,2022,1,60471,60471,60471,60471
Moon Ursin,G,MIN,,2022,2022,1,60471,60471,60471,60471
Deja Winters,F,LV,,2022,2022,1,60471,60471,60471,60471
Haley Gorecki,G,IND,,2022,2022,1,60471,60471,60471,60471
Erin Whalen,G,IND,,2022,2022,1,60471,60471,60471,60471
Aleksa Gulbe,F,CON,,2022,2022,1,60471,60471,60471,60471
Keyona Hayes,F,CON,,2022,2022,1,60471,60471,60471,60471
Alexus Dye,F,CON,,2022,2022,1,60471,60471,60471,60471
Delicia Washington,G,CON,,2022,2022,1,60471,60471,60471,60471
Lexi Held,G,CHI,,2022,2022,1,60471,60471,60471,60471
Kayla Wells,G,CHI,,2022,2022,1,60471,60471,60471,60471
Sparkle Taylor,G,CHI,,2022,2022,1,60471,60471,45353,45353
Emmanuelle Tahane,F,CHI,,2022,2022,1,60471,60471,60471,60471
Khaalia Hillsman,C,ATL,,2022,2022,1,60471,60471,60471,60471
N'dea Jones,F,ATL,,2022,2022,1,60471,60471,60471,60471
Que Morrison,G,ATL,,2022,2022,1,60471,60471,60471,60471
Bernadett HatÃ¡r,C,IND,,2022,2022,1,60471,60471,60471,60471
Jaime Nared,G,IND,,2022,2022,1,60471,60471,60471,60471
Anneli Maley,F,CHI,,2022,2022,1,60471,60471,43557,43557
Unique Thompson,F,DAL,,2022,2022,1,60471,60471,60471,60471
Morgan Bertsch,F,DAL,,2022,2022,1,60471,60471,60471,60471
Destinee Walker,G,DAL,,2022,2022,1,60471,60471,60471,60471
Kiana Williams,G,PHX,,2022,2022,1,60471,60471,60471,60471
Kathleen Doyle,G,CHI,,2022,2022,1,60471,60471,60471,60471
Lauren Manis,F,SEA,,2022,2022,1,60471,60471,60471,60471
Linnae Harper,G,WAS,,2022,2022,1,60471,60471,60471,60471
Micaela Kelly,G,IND,,2022,2022,1,60471,60471,60471,60471
Meme Jackson,G,WAS,,2022,2022,1,60471,60471,60471,60471
Natasha Mack,F,MIN,,2022,2022,1,60471,60471,60471,60471
Rui Machida,G,WAS,,2022,2022,1,60471,60471,60471,60471
Leaonna Odom,F,PHX,,2022,2022,1,60471,60471,60471,60471
Rebekah Gardner,G,CHI,,2022,2022,1,60471,60471,60471,60471
Kysre Gondrezick,G,CHI,,2022,2022,1,60471,60471,60471,60471
Taj Cole,G,CON,,2022,2022,1,60471,60471,60471,60471
Kang Lee-seul,F,WAS,,2022,2022,1,60471,60471,60471,60471
Klara Lundquist,G,WAS,,2022,2022,1,60471,60471,60471,60471
Stephanie Jones,F,WAS,,2022,2022,1,60471,60471,45353,45353
Te'a Cooper,G,LA,,2022,2022,1,60471,60471,60471,60471
Paris Kea,G,NY,,2022,2022,1,60471,60471,60471,60471
Chelsey Perry,F,IND,,2022,2022,1,60471,60471,60471,60471
Jaylyn Agnew,F,ATL,,2022,2022,1,60471,60471,60471,60471
Lauren Cox,F,LA,,2022,2022,1,60471,60471,60471,60471
Beatrice Mompremier,F,CON,,2022,2022,1,60471,60471,60471,60471
Joyner Holmes,F,NY,,2020,2020,1,59750,59750,59750,59750
Te'a Cooper,G,LA,,2020,2020,1,59750,59750,59750,59750
Beatrice Mompremier,F,CON,,2020,2020,1,59750,59750,59750,59750
Jaylyn Agnew,F,ATL,,2020,2020,1,59750,59750,59750,59750
Pre Stanley,G,WAS,,2021,2021,1,58710,58710,58710,58710
Kate Cain,C,LV,,2021,2021,1,58710,58710,58710,58710
Lauren Manis,F,LV,,2021,2021,1,58710,58710,58710,58710
Tyra Whitehead,F,WAS,,2021,2021,1,58710,58710,58710,58710
Tori Jarosz,C,DAL,,2021,2021,1,58710,58710,58710,58710
Destinee Walker,G,DAL,,2021,2021,1,58710,58710,58710,58710
Dee Givens,F,DAL,,2021,2021,1,58710,58710,58710,58710
Brianna Fraser,F,CON,,2021,2021,1,58710,58710,58710,58710
Blanca Millan,G,WAS,,2021,2021,1,58710,58710,58710,58710
Amy Okonkwo,F,DAL,,2021,2021,1,58710,58710,58710,58710
Shakayla Thomas,F,LV,,2021,2021,1,58710,58710,58710,58710
Brittany Brown,G,SEA,,2021,2021,1,58710,58710,58710,58710
Peyton Williams,F,SEA,,2021,2021,1,58710,58710,58710,58710
Jasmine Bailey,F,NY,,2021,2021,1,58710,58710,58710,58710
Japreece Dean,G,MIN,,2021,2021,1,58710,58710,58710,58710
Selena Lott,G,MIN,,2021,2021,1,58710,58710,58710,58710
Mikayla Vaughn,C,MIN,,2021,2021,1,58710,58710,58710,58710
Alex Wittinger,F,MIN,,2021,2021,1,58710,58710,58710,58710
Crystal Bradford,G,ATL,,2021,2021,1,58710,58710,58710,58710
Mikayla Cowling,F,ATL,,2021,2021,1,58710,58710,58710,58710
Sparkle Taylor,G,CHI,,2021,2021,1,58710,58710,58710,58710
Sierra Campisano,F,CHI,,2021,2021,1,58710,58710,58710,58710
Petra Holesinska,G,CHI,,2021,2021,1,58710,58710,58710,58710
Kai James,C,CON,,2021,2021,1,58710,58710,58710,58710
Vionise Pierre-Louis,C,CON,,2021,2021,1,58710,58710,58710,58710
Feyonda Fitzgerald,G,CON,,2021,2021,1,58710,58710,58710,58710
Kobi Thornton,F,CHI,,2021,2021,1,58710,58710,58710,58710
Akela Maize,C,PHX,,2021,2021,1,58710,58710,58710,58710
Tiana Mangakahia,G,PHX,,2021,2021,1,58710,58710,58710,58710
G'mrice Davis,F,WAS,,2021,2021,1,58710,58710,58710,58710
Teana Muldrow,F,CON,,2021,2021,1,58710,58710,58710,58710
Jillian Alleyne,F,WAS,,2021,2021,1,58710,58710,58710,58710
Sara Bilcavs,F,PHX,,2021,2021,1,58710,58710,58710,58710
Mikayla Pivec,G,MIN,,2021,2021,1,58710,58710,58710,58710
Marta Xargay,G,PHX,,2021,2021,1,58710,58710,58710,58710
Stephanie Jones,F,CON,,2021,2021,1,58710,58710,58710,58710
Aislinn Konig,G,WAS,,2021,2021,1,58710,58710,58710,58710
Bernadett HatÃ¡r,C,IND,,2021,2021,1,58710,58710,58710,58710
Haley Gorecki,G,PHX,,2021,2021,1,58710,58710,38007,38007
Morgan Bertsch,F,CON,,2021,2021,1,58710,58710,58710,58710
Sydney Wallace,G,CON,,2021,2021,1,58710,58710,58710,58710
Chanelle Molina,G,IND,,2021,2021,1,58710,58710,58710,58710
Joyner Holmes,F,LV,,2021,2021,1,58710,58710,49440,49440
Shey Peddy,G,PHX,,2021,2021,1,58710,58710,58710,58710
Beatrice Mompremier,F,CON,,2021,2021,1,58710,58710,58710,58710
Natisha Hiedeman,G,CON,,2021,2021,1,58710,58710,58710,58710
Cierra Burdick,F,LV,,2020,2020,1,58480,58480,58480,58480
Kamiah Smalls,G,CON,,2021,2021,1,58170,58170,58170,58170
Sug Sutton,G,WAS,,2021,2021,1,58170,58170,58170,58170
Stella Johnson,G,WAS,,2021,2021,1,58170,58170,58170,58170
Jacki Gemelos,PG,WAS,,2021,2021,1,58170,58170,58170,58170
Te'a Cooper,G,LA,,2021,2021,1,58170,58170,58170,58170
Emma Cannon,F,LV,,2021,2021,1,58170,58170,58170,58170
Bridget Carleton,G,MIN,,2021,2021,1,58170,58170,58170,58170
Kaela Davis,F,ATL,,2020,2020,1,57000,57000,57000,57000
Stella Johnson,G,WAS,,2020,2020,1,57000,57000,33060,33060
Shey Peddy,G,WAS,,2020,2020,1,57000,57000,57000,57000
Alaina Coates,C,WAS,,2020,2020,1,57000,57000,57000,57000
Paris Kea,G,NY,,2020,2020,1,57000,57000,57000,57000
Reshanda Gray,F,LA,,2020,2020,1,57000,57000,57000,57000
Lindsay Allen,G,LV,,2020,2020,1,57000,57000,57000,57000
Jacki Gemelos,PG,WAS,,2020,2020,1,57000,57000,57000,57000
Bernadett HatÃ¡r,C,IND,,2020,2020,1,57000,57000,57000,57000
Lisa Berkani,G,MIN,,2020,2020,1,57000,57000,57000,57000
Morgan Bertsch,F,DAL,,2020,2020,1,57000,57000,57000,57000
Karlie Samuelson,G,DAL,,2020,2020,1,57000,57000,57000,57000
Natisha Hiedeman,G,CON,,2020,2020,1,57000,57000,57000,57000
Monique Billings,F,DAL,,2024,2024,1,55697,55697,55697,55697
Reshanda Gray,F,NY,,2021,2021,1,52530,52530,52530,52530
Cierra Burdick,F,PHX,,2021,2021,1,52530,52530,52530,52530
Veronica Burton,G,CON,,2024,2024,1,50180,50180,50180,50180
Lexie Brown,G,CHI,,2021,2021,1,47185,47185,47185,47185
Odyssey Sims,G,DAL,,2023,2023,1,46522,46522,48460,48460
Aleah Goodman,G,CON,,2021,2021,1,44033,44033,44033,44033
Shatori Walker-Kimbrough,G,CON,,2021,2021,1,44033,44033,44033,44033
Linnae Harper,G,MIN,,2021,2021,1,44033,44033,44033,44033
Natasha Mack,F,CHI,,2021,2021,1,42179,42179,42179,42179
Marine Johannes,G,NY,,2022,2022,1,40713,40713,40713,40713
Khayla Pointer,G,IND,,2022,2022,1,37121,37121,37121,37121
Candice Dupree,F,ATL,,2021,2021,1,36541,36541,36541,36541
Megan Gustafson,F,WAS,,2021,2021,1,35226,35226,35226,35226
Kiah Stokes,C,LV,,2021,2021,1,35200,35200,35200,35200
Cierra Burdick,F,MIN,,2021,2021,1,34836,34836,34836,34836
Reshanda Gray,F,NY,,2021,2021,1,34651,34651,34651,34651
Kristine Anigwe,C,LA,,2021,2021,1,34299,34299,34299,34299
Tina Charles,C,SEA,,2022,2022,1,34285,34285,34285,34285
Layshia Clarendon,G,MIN,,2021,2021,1,33914,33914,33914,33914
Emma Cannon,F,CON,,2021,2021,1,32909,32909,32909,32909
Rachel Banham,G,MIN,,2021,2021,1,31702,31702,31702,31702
Sug Sutton,G,WAS,,2020,2020,1,31290,31290,31290,31290
Chelsey Perry,F,IND,,2021,2021,1,30900,30900,30900,30900
Lauren Cox,F,LA,,2021,2021,1,29664,29664,29664,29664
Kamiah Smalls,G,IND,,2020,2020,1,28500,28500,28500,28500
Bria Holmes,G,LA,,2021,2021,1,26542,26542,26542,26542
Crystal Dangerfield,G,NY,,2022,2022,1,25745,25745,25745,25745
Cierra Burdick,F,SEA,,2021,2021,1,24330,24330,24330,24330
Bria Hartley,G,CON,,2022,2022,1,23000,23000,23000,23000
Avery Warley-Talbert,C,LV,,2020,2020,1,21760,21760,21760,21760
Blake Dietrick,G,ATL,,2021,2021,1,20609,20609,20609,20609
Reshanda Gray,F,PHX,,2022,2022,1,19999,19999,19999,19999
Rennia Davis,F,IND,,2022,2022,1,18560,18560,18560,18560
Karlie Samuelson,G,SEA,,2021,2021,1,17304,17304,17304,17304
Evina Westbrook,G,WAS,,2022,2022,1,16764,16764,16764,16764
Megan Gustafson,F,WAS,,2021,2021,1,16068,16068,16068,16068
Joyner Holmes,F,CON,,2022,2022,1,14968,14968,14968,14968
Alex Bentley,G,LV,,2020,2020,1,13600,13600,13600,13600
Jennie Simms,G,PHX,,2022,2022,1,12573,12573,12573,12573
Dana Evans,G,DAL,,2021,2021,1,11577,11577,11577,11577
Kianna Smith,G,LA,,2022,2022,1,9285,9285,9285,9285
Emma Cannon,F,IND,,2021,2021,1,9270,9270,9270,9270
Alaina Coates,C,LV,,2023,2023,1,9207,9207,9207,9207
Alexis Prince,G,CHI,,2020,2020,1,9120,9120,9120,9120
Evina Westbrook,G,LA,,2023,2023,1,8530,8530,8530,8530
Shatori Walker-Kimbrough,G,WAS,,2021,2021,1,5161,5161,5161,5161
Alisia Jenkins,F,PHX,,2020,2020,1,5130,5130,5130,5130
Emma Cannon,F,LV,,2020,2020,1,4560,4560,4560,4560
Kiana Williams,G,SEA,,2021,2021,1,4326,4326,4326,4326
Jazmine Jones,G,CON,,2022,2022,1,4191,4191,4191,4191
Bria Holmes,G,LV,,2021,2021,1,3871,3871,3871,3871
Yvonne Turner,G,PHX,,2022,2022,1,3750,3750,3750,3750
Jillian Alleyne,F,MIN,,2021,2021,1,3245,3245,1391,1391
Karlie Samuelson,G,LA,,2021,2021,1,3245,3245,3245,3245
Jazmine Jones,G,WAS,,2022,2022,1,2994,2994,2994,2994
Liz Dixon,F,PHX,,2023,2023,1,2843,2843,2843,2843
Lindsay Allen,G,MIN,,2022,2022,1,2678,2678,2678,2678
Odyssey Sims,G,CON,,2022,2022,1,2678,2678,2678,2678
Maya Caldwell,G,ATL,,2022,2022,1,1796,1796,1796,1796
Kaela Davis,F,PHX,,2022,2022,1,1607,1607,1607,1607
Camryn Taylor,F,MIN,,2025,2025,1,,,7949,7949
Laeticia Amihere,C,GS,,2025,2025,1,,,53307,53307
Maria Conde,F,GS,,2025,,,,,,
Destanni Henderson,G,ATL,,2024,2024,1,,,4446,4446
Taj Cole,G,ATL,,2024,2024,1,,,,
Khaalia Hillsman,C,ATL,,2024,2024,1,,,,
Elizabeth Balogun,F,ATL,,2024,2024,1,,,,
Christyn Williams,G,PHX,,2023,2023,,,,1625,1625
Bernadett HatÃ¡r,C,CON,,2023,2023,1,,,25456,25456
Rae Burrell,F,LA,,2023,2023,1,,,34934,34934
Taylor Soule,F,CHI,,2023,2023,1,,,38183,38183
Joyner Holmes,F,SEA,,2023,2023,1,,,60736,60736
Dearica Hamby,F,LV,,2022,2024,3,,,321800,510800
Kaila Charles,G,ATL,,2022,2022,1,,,1796,1796
Emma Cannon,F,PHX,,2022,,,,,,
Julie Allemand,G,IND,,2022,,,,,,
Carolyn Swords,C,LV,,2020,2020,,,,,
Liz Cambage,C,LV,,2020,2020,,,,,
Cecilia Zandalasini,F,MIN,,2020,2020,,,,,
Kia Vaughn,C,PHX,,2020,2020,,,,,
